time,x,y,tx,ty,status,image_1,image_2,left_stim,right_stim,screen_width,screen_height
144427.46500001522,-31,133,-1,-1,fixation_onset,https://dl.dropbox.com/s/d7p6opi7k60k8t3/lotto_balls.png?dl=0,https://dl.dropbox.com/s/ev8sazdi1s4dncu/cricket_balls.jpg?dl=0,gambling,gambling_matched,1536,864
144451.15000003716,150,171,-1,-1,fixation_onset,https://dl.dropbox.com/s/d7p6opi7k60k8t3/lotto_balls.png?dl=0,https://dl.dropbox.com/s/ev8sazdi1s4dncu/cricket_balls.jpg?dl=0,gambling,gambling_matched,1536,864
144491.71500001103,230,57,-1,-1,fixation_onset,https://dl.dropbox.com/s/d7p6opi7k60k8t3/lotto_balls.png?dl=0,https://dl.dropbox.com/s/ev8sazdi1s4dncu/cricket_balls.jpg?dl=0,gambling,gambling_matched,1536,864
144516.64500002516,165,166,-1,-1,fixation_onset,https://dl.dropbox.com/s/d7p6opi7k60k8t3/lotto_balls.png?dl=0,https://dl.dropbox.com/s/ev8sazdi1s4dncu/cricket_balls.jpg?dl=0,gambling,gambling_matched,1536,864
144546.48000001907,206,160,-1,-1,fixation_onset,https://dl.dropbox.com/s/d7p6opi7k60k8t3/lotto_balls.png?dl=0,https://dl.dropbox.com/s/ev8sazdi1s4dncu/cricket_balls.jpg?dl=0,gambling,gambling_matched,1536,864
144570.91499998933,206,160,-1,-1,fixation_onset,https://dl.dropbox.com/s/d7p6opi7k60k8t3/lotto_balls.png?dl=0,https://dl.dropbox.com/s/ev8sazdi1s4dncu/cricket_balls.jpg?dl=0,gambling,gambling_matched,1536,864
144593.93000003183,33,99,-1,-1,fixation_onset,https://dl.dropbox.com/s/d7p6opi7k60k8t3/lotto_balls.png?dl=0,https://dl.dropbox.com/s/ev8sazdi1s4dncu/cricket_balls.jpg?dl=0,gambling,gambling_matched,1536,864
144618.00000001676,369,193,-1,-1,fixation_onset,https://dl.dropbox.com/s/d7p6opi7k60k8t3/lotto_balls.png?dl=0,https://dl.dropbox.com/s/ev8sazdi1s4dncu/cricket_balls.jpg?dl=0,gambling,gambling_matched,1536,864
144643.8049999997,188,245,-1,-1,fixation_onset,https://dl.dropbox.com/s/d7p6opi7k60k8t3/lotto_balls.png?dl=0,https://dl.dropbox.com/s/ev8sazdi1s4dncu/cricket_balls.jpg?dl=0,gambling,gambling_matched,1536,864
144667.01500001363,188,245,-1,-1,fixation_onset,https://dl.dropbox.com/s/d7p6opi7k60k8t3/lotto_balls.png?dl=0,https://dl.dropbox.com/s/ev8sazdi1s4dncu/cricket_balls.jpg?dl=0,gambling,gambling_matched,1536,864
144689.72000002395,213,68,-1,-1,fixation_onset,https://dl.dropbox.com/s/d7p6opi7k60k8t3/lotto_balls.png?dl=0,https://dl.dropbox.com/s/ev8sazdi1s4dncu/cricket_balls.jpg?dl=0,gambling,gambling_matched,1536,864
144714.89000000292,172,367,-1,-1,fixation_onset,https://dl.dropbox.com/s/d7p6opi7k60k8t3/lotto_balls.png?dl=0,https://dl.dropbox.com/s/ev8sazdi1s4dncu/cricket_balls.jpg?dl=0,gambling,gambling_matched,1536,864
144737.13500000304,127,186,-1,-1,fixation_onset,https://dl.dropbox.com/s/d7p6opi7k60k8t3/lotto_balls.png?dl=0,https://dl.dropbox.com/s/ev8sazdi1s4dncu/cricket_balls.jpg?dl=0,gambling,gambling_matched,1536,864
144764.17500001844,127,186,-1,-1,fixation_onset,https://dl.dropbox.com/s/d7p6opi7k60k8t3/lotto_balls.png?dl=0,https://dl.dropbox.com/s/ev8sazdi1s4dncu/cricket_balls.jpg?dl=0,gambling,gambling_matched,1536,864
144819.56999999238,103,182,-1,-1,fixation_onset,https://dl.dropbox.com/s/d7p6opi7k60k8t3/lotto_balls.png?dl=0,https://dl.dropbox.com/s/ev8sazdi1s4dncu/cricket_balls.jpg?dl=0,gambling,gambling_matched,1536,864
144846.3450000272,30,260,-1,-1,fixation_onset,https://dl.dropbox.com/s/d7p6opi7k60k8t3/lotto_balls.png?dl=0,https://dl.dropbox.com/s/ev8sazdi1s4dncu/cricket_balls.jpg?dl=0,gambling,gambling_matched,1536,864
144869.21999999322,-11,284,-1,-1,fixation_onset,https://dl.dropbox.com/s/d7p6opi7k60k8t3/lotto_balls.png?dl=0,https://dl.dropbox.com/s/ev8sazdi1s4dncu/cricket_balls.jpg?dl=0,gambling,gambling_matched,1536,864
144893.71999999275,-11,284,-1,-1,fixation_onset,https://dl.dropbox.com/s/d7p6opi7k60k8t3/lotto_balls.png?dl=0,https://dl.dropbox.com/s/ev8sazdi1s4dncu/cricket_balls.jpg?dl=0,gambling,gambling_matched,1536,864
144917.8050000337,70,186,-1,-1,fixation_onset,https://dl.dropbox.com/s/d7p6opi7k60k8t3/lotto_balls.png?dl=0,https://dl.dropbox.com/s/ev8sazdi1s4dncu/cricket_balls.jpg?dl=0,gambling,gambling_matched,1536,864
144940.93500002054,70,245,-1,-1,fixation_onset,https://dl.dropbox.com/s/d7p6opi7k60k8t3/lotto_balls.png?dl=0,https://dl.dropbox.com/s/ev8sazdi1s4dncu/cricket_balls.jpg?dl=0,gambling,gambling_matched,1536,864
144965.08500003256,138,285,-1,-1,fixation_onset,https://dl.dropbox.com/s/d7p6opi7k60k8t3/lotto_balls.png?dl=0,https://dl.dropbox.com/s/ev8sazdi1s4dncu/cricket_balls.jpg?dl=0,gambling,gambling_matched,1536,864
144988.33000002196,217,316,-1,-1,fixation_onset,https://dl.dropbox.com/s/d7p6opi7k60k8t3/lotto_balls.png?dl=0,https://dl.dropbox.com/s/ev8sazdi1s4dncu/cricket_balls.jpg?dl=0,gambling,gambling_matched,1536,864
145012.4450000003,140,268,-1,-1,fixation_onset,https://dl.dropbox.com/s/d7p6opi7k60k8t3/lotto_balls.png?dl=0,https://dl.dropbox.com/s/ev8sazdi1s4dncu/cricket_balls.jpg?dl=0,gambling,gambling_matched,1536,864
145040.00000003725,214,343,-1,-1,fixation_onset,https://dl.dropbox.com/s/d7p6opi7k60k8t3/lotto_balls.png?dl=0,https://dl.dropbox.com/s/ev8sazdi1s4dncu/cricket_balls.jpg?dl=0,gambling,gambling_matched,1536,864
145063.66500002332,198,295,-1,-1,fixation_onset,https://dl.dropbox.com/s/d7p6opi7k60k8t3/lotto_balls.png?dl=0,https://dl.dropbox.com/s/ev8sazdi1s4dncu/cricket_balls.jpg?dl=0,gambling,gambling_matched,1536,864
145087.19500002917,54,185,-1,-1,fixation_onset,https://dl.dropbox.com/s/d7p6opi7k60k8t3/lotto_balls.png?dl=0,https://dl.dropbox.com/s/ev8sazdi1s4dncu/cricket_balls.jpg?dl=0,gambling,gambling_matched,1536,864
145110.68500002148,338,278,-1,-1,fixation_onset,https://dl.dropbox.com/s/d7p6opi7k60k8t3/lotto_balls.png?dl=0,https://dl.dropbox.com/s/ev8sazdi1s4dncu/cricket_balls.jpg?dl=0,gambling,gambling_matched,1536,864
145133.58500000322,145,202,-1,-1,fixation_onset,https://dl.dropbox.com/s/d7p6opi7k60k8t3/lotto_balls.png?dl=0,https://dl.dropbox.com/s/ev8sazdi1s4dncu/cricket_balls.jpg?dl=0,gambling,gambling_matched,1536,864
145156.4050000161,145,202,-1,-1,fixation_onset,https://dl.dropbox.com/s/d7p6opi7k60k8t3/lotto_balls.png?dl=0,https://dl.dropbox.com/s/ev8sazdi1s4dncu/cricket_balls.jpg?dl=0,gambling,gambling_matched,1536,864
145181.00500002038,137,281,-1,-1,fixation_onset,https://dl.dropbox.com/s/d7p6opi7k60k8t3/lotto_balls.png?dl=0,https://dl.dropbox.com/s/ev8sazdi1s4dncu/cricket_balls.jpg?dl=0,gambling,gambling_matched,1536,864
145203.91999999993,79,88,-1,-1,fixation_onset,https://dl.dropbox.com/s/d7p6opi7k60k8t3/lotto_balls.png?dl=0,https://dl.dropbox.com/s/ev8sazdi1s4dncu/cricket_balls.jpg?dl=0,gambling,gambling_matched,1536,864
145226.91500000656,79,88,-1,-1,fixation_onset,https://dl.dropbox.com/s/d7p6opi7k60k8t3/lotto_balls.png?dl=0,https://dl.dropbox.com/s/ev8sazdi1s4dncu/cricket_balls.jpg?dl=0,gambling,gambling_matched,1536,864
145261.2749999971,81,225,-1,-1,fixation_onset,https://dl.dropbox.com/s/d7p6opi7k60k8t3/lotto_balls.png?dl=0,https://dl.dropbox.com/s/ev8sazdi1s4dncu/cricket_balls.jpg?dl=0,gambling,gambling_matched,1536,864
145284.53000000445,-56,-34,-1,-1,fixation_onset,https://dl.dropbox.com/s/d7p6opi7k60k8t3/lotto_balls.png?dl=0,https://dl.dropbox.com/s/ev8sazdi1s4dncu/cricket_balls.jpg?dl=0,gambling,gambling_matched,1536,864
145307.26500001037,195,312,-1,-1,fixation_onset,https://dl.dropbox.com/s/d7p6opi7k60k8t3/lotto_balls.png?dl=0,https://dl.dropbox.com/s/ev8sazdi1s4dncu/cricket_balls.jpg?dl=0,gambling,gambling_matched,1536,864
145330.7200000272,73,101,-1,-1,fixation_onset,https://dl.dropbox.com/s/d7p6opi7k60k8t3/lotto_balls.png?dl=0,https://dl.dropbox.com/s/ev8sazdi1s4dncu/cricket_balls.jpg?dl=0,gambling,gambling_matched,1536,864
145354.40000001108,73,101,-1,-1,fixation_onset,https://dl.dropbox.com/s/d7p6opi7k60k8t3/lotto_balls.png?dl=0,https://dl.dropbox.com/s/ev8sazdi1s4dncu/cricket_balls.jpg?dl=0,gambling,gambling_matched,1536,864
145377.135000017,99,94,-1,-1,fixation_onset,https://dl.dropbox.com/s/d7p6opi7k60k8t3/lotto_balls.png?dl=0,https://dl.dropbox.com/s/ev8sazdi1s4dncu/cricket_balls.jpg?dl=0,gambling,gambling_matched,1536,864
145401.3200000045,136,131,-1,-1,fixation_onset,https://dl.dropbox.com/s/d7p6opi7k60k8t3/lotto_balls.png?dl=0,https://dl.dropbox.com/s/ev8sazdi1s4dncu/cricket_balls.jpg?dl=0,gambling,gambling_matched,1536,864
145423.7800000119,-23,128,-1,-1,fixation_onset,https://dl.dropbox.com/s/d7p6opi7k60k8t3/lotto_balls.png?dl=0,https://dl.dropbox.com/s/ev8sazdi1s4dncu/cricket_balls.jpg?dl=0,gambling,gambling_matched,1536,864
145447.51500000712,-23,128,-1,-1,fixation_onset,https://dl.dropbox.com/s/d7p6opi7k60k8t3/lotto_balls.png?dl=0,https://dl.dropbox.com/s/ev8sazdi1s4dncu/cricket_balls.jpg?dl=0,gambling,gambling_matched,1536,864
145472.01500000665,35,143,-1,-1,fixation_offset,https://dl.dropbox.com/s/d7p6opi7k60k8t3/lotto_balls.png?dl=0,https://dl.dropbox.com/s/ev8sazdi1s4dncu/cricket_balls.jpg?dl=0,gambling,gambling_matched,1536,864
145495.3899999964,158,214,-1,-1,fixation_offset,https://dl.dropbox.com/s/d7p6opi7k60k8t3/lotto_balls.png?dl=0,https://dl.dropbox.com/s/ev8sazdi1s4dncu/cricket_balls.jpg?dl=0,gambling,gambling_matched,1536,864
145519.2350000143,-57,28,-1,-1,fixation_offset,https://dl.dropbox.com/s/d7p6opi7k60k8t3/lotto_balls.png?dl=0,https://dl.dropbox.com/s/ev8sazdi1s4dncu/cricket_balls.jpg?dl=0,gambling,gambling_matched,1536,864
145543.10499998974,-57,28,-1,-1,fixation_offset,https://dl.dropbox.com/s/d7p6opi7k60k8t3/lotto_balls.png?dl=0,https://dl.dropbox.com/s/ev8sazdi1s4dncu/cricket_balls.jpg?dl=0,gambling,gambling_matched,1536,864
145565.96000003628,244,244,-1,-1,fixation_offset,https://dl.dropbox.com/s/d7p6opi7k60k8t3/lotto_balls.png?dl=0,https://dl.dropbox.com/s/ev8sazdi1s4dncu/cricket_balls.jpg?dl=0,gambling,gambling_matched,1536,864
145588.70000002207,244,244,-1,-1,fixation_offset,https://dl.dropbox.com/s/d7p6opi7k60k8t3/lotto_balls.png?dl=0,https://dl.dropbox.com/s/ev8sazdi1s4dncu/cricket_balls.jpg?dl=0,gambling,gambling_matched,1536,864
145613.26499999268,57,114,-1,-1,fixation_offset,https://dl.dropbox.com/s/d7p6opi7k60k8t3/lotto_balls.png?dl=0,https://dl.dropbox.com/s/ev8sazdi1s4dncu/cricket_balls.jpg?dl=0,gambling,gambling_matched,1536,864
145636.20499998797,347,196,-1,-1,fixation_offset,https://dl.dropbox.com/s/d7p6opi7k60k8t3/lotto_balls.png?dl=0,https://dl.dropbox.com/s/ev8sazdi1s4dncu/cricket_balls.jpg?dl=0,gambling,gambling_matched,1536,864
145660.1999999839,236,155,-1,-1,fixation_offset,https://dl.dropbox.com/s/d7p6opi7k60k8t3/lotto_balls.png?dl=0,https://dl.dropbox.com/s/ev8sazdi1s4dncu/cricket_balls.jpg?dl=0,gambling,gambling_matched,1536,864
145685.81500003347,321,116,-1,-1,fixation_offset,https://dl.dropbox.com/s/d7p6opi7k60k8t3/lotto_balls.png?dl=0,https://dl.dropbox.com/s/ev8sazdi1s4dncu/cricket_balls.jpg?dl=0,gambling,gambling_matched,1536,864
145728.91000000527,162,-69,-1,-1,fixation_offset,https://dl.dropbox.com/s/d7p6opi7k60k8t3/lotto_balls.png?dl=0,https://dl.dropbox.com/s/ev8sazdi1s4dncu/cricket_balls.jpg?dl=0,gambling,gambling_matched,1536,864
145753.94500000402,83,125,-1,-1,fixation_offset,https://dl.dropbox.com/s/d7p6opi7k60k8t3/lotto_balls.png?dl=0,https://dl.dropbox.com/s/ev8sazdi1s4dncu/cricket_balls.jpg?dl=0,gambling,gambling_matched,1536,864
145785.71000002557,-42,-58,-1,-1,fixation_offset,https://dl.dropbox.com/s/d7p6opi7k60k8t3/lotto_balls.png?dl=0,https://dl.dropbox.com/s/ev8sazdi1s4dncu/cricket_balls.jpg?dl=0,gambling,gambling_matched,1536,864
145808.71000001207,85,-76,-1,-1,fixation_offset,https://dl.dropbox.com/s/d7p6opi7k60k8t3/lotto_balls.png?dl=0,https://dl.dropbox.com/s/ev8sazdi1s4dncu/cricket_balls.jpg?dl=0,gambling,gambling_matched,1536,864
145831.03500003926,-21,366,-1,-1,fixation_offset,https://dl.dropbox.com/s/d7p6opi7k60k8t3/lotto_balls.png?dl=0,https://dl.dropbox.com/s/ev8sazdi1s4dncu/cricket_balls.jpg?dl=0,gambling,gambling_matched,1536,864
145855.09999998612,-38,249,-1,-1,fixation_offset,https://dl.dropbox.com/s/d7p6opi7k60k8t3/lotto_balls.png?dl=0,https://dl.dropbox.com/s/ev8sazdi1s4dncu/cricket_balls.jpg?dl=0,gambling,gambling_matched,1536,864
145878.1799999997,178,327,-1,-1,fixation_offset,https://dl.dropbox.com/s/d7p6opi7k60k8t3/lotto_balls.png?dl=0,https://dl.dropbox.com/s/ev8sazdi1s4dncu/cricket_balls.jpg?dl=0,gambling,gambling_matched,1536,864
145900.90000000782,166,148,-1,-1,fixation_offset,https://dl.dropbox.com/s/d7p6opi7k60k8t3/lotto_balls.png?dl=0,https://dl.dropbox.com/s/ev8sazdi1s4dncu/cricket_balls.jpg?dl=0,gambling,gambling_matched,1536,864
145924.6099999873,223,316,-1,-1,fixation_offset,https://dl.dropbox.com/s/d7p6opi7k60k8t3/lotto_balls.png?dl=0,https://dl.dropbox.com/s/ev8sazdi1s4dncu/cricket_balls.jpg?dl=0,gambling,gambling_matched,1536,864
145948.945000011,6,316,-1,-1,fixation_offset,https://dl.dropbox.com/s/d7p6opi7k60k8t3/lotto_balls.png?dl=0,https://dl.dropbox.com/s/ev8sazdi1s4dncu/cricket_balls.jpg?dl=0,gambling,gambling_matched,1536,864
145972.33499999857,197,161,-1,-1,stimulus_onset,https://dl.dropbox.com/s/d7p6opi7k60k8t3/lotto_balls.png?dl=0,https://dl.dropbox.com/s/ev8sazdi1s4dncu/cricket_balls.jpg?dl=0,gambling,gambling_matched,1536,864
145997.70499998704,217,210,-1,-1,stimulus_onset,https://dl.dropbox.com/s/d7p6opi7k60k8t3/lotto_balls.png?dl=0,https://dl.dropbox.com/s/ev8sazdi1s4dncu/cricket_balls.jpg?dl=0,gambling,gambling_matched,1536,864
146020.4800000065,114,305,-1,-1,stimulus_onset,https://dl.dropbox.com/s/d7p6opi7k60k8t3/lotto_balls.png?dl=0,https://dl.dropbox.com/s/ev8sazdi1s4dncu/cricket_balls.jpg?dl=0,gambling,gambling_matched,1536,864
146044.13500003284,128,285,-1,-1,stimulus_onset,https://dl.dropbox.com/s/d7p6opi7k60k8t3/lotto_balls.png?dl=0,https://dl.dropbox.com/s/ev8sazdi1s4dncu/cricket_balls.jpg?dl=0,gambling,gambling_matched,1536,864
146071.9950000057,241,95,-1,-1,stimulus_onset,https://dl.dropbox.com/s/d7p6opi7k60k8t3/lotto_balls.png?dl=0,https://dl.dropbox.com/s/ev8sazdi1s4dncu/cricket_balls.jpg?dl=0,gambling,gambling_matched,1536,864
146095.1350000105,236,341,-1,-1,stimulus_onset,https://dl.dropbox.com/s/d7p6opi7k60k8t3/lotto_balls.png?dl=0,https://dl.dropbox.com/s/ev8sazdi1s4dncu/cricket_balls.jpg?dl=0,gambling,gambling_matched,1536,864
146117.900000012,236,341,-1,-1,stimulus_onset,https://dl.dropbox.com/s/d7p6opi7k60k8t3/lotto_balls.png?dl=0,https://dl.dropbox.com/s/ev8sazdi1s4dncu/cricket_balls.jpg?dl=0,gambling,gambling_matched,1536,864
146142.7450000192,418,400,-1,-1,stimulus_onset,https://dl.dropbox.com/s/d7p6opi7k60k8t3/lotto_balls.png?dl=0,https://dl.dropbox.com/s/ev8sazdi1s4dncu/cricket_balls.jpg?dl=0,gambling,gambling_matched,1536,864
146165.7300000079,65,186,-1,-1,stimulus_onset,https://dl.dropbox.com/s/d7p6opi7k60k8t3/lotto_balls.png?dl=0,https://dl.dropbox.com/s/ev8sazdi1s4dncu/cricket_balls.jpg?dl=0,gambling,gambling_matched,1536,864
146188.89500002842,-79,-85,-1,-1,stimulus_onset,https://dl.dropbox.com/s/d7p6opi7k60k8t3/lotto_balls.png?dl=0,https://dl.dropbox.com/s/ev8sazdi1s4dncu/cricket_balls.jpg?dl=0,gambling,gambling_matched,1536,864
146214.03999999166,-79,-85,-1,-1,stimulus_onset,https://dl.dropbox.com/s/d7p6opi7k60k8t3/lotto_balls.png?dl=0,https://dl.dropbox.com/s/ev8sazdi1s4dncu/cricket_balls.jpg?dl=0,gambling,gambling_matched,1536,864
146255.7150000357,-138,115,-1,-1,stimulus_onset,https://dl.dropbox.com/s/d7p6opi7k60k8t3/lotto_balls.png?dl=0,https://dl.dropbox.com/s/ev8sazdi1s4dncu/cricket_balls.jpg?dl=0,gambling,gambling_matched,1536,864
146280.07999999681,-196,-3,-1,-1,stimulus_onset,https://dl.dropbox.com/s/d7p6opi7k60k8t3/lotto_balls.png?dl=0,https://dl.dropbox.com/s/ev8sazdi1s4dncu/cricket_balls.jpg?dl=0,gambling,gambling_matched,1536,864
146304.62499998976,-206,186,-1,-1,stimulus_onset,https://dl.dropbox.com/s/d7p6opi7k60k8t3/lotto_balls.png?dl=0,https://dl.dropbox.com/s/ev8sazdi1s4dncu/cricket_balls.jpg?dl=0,gambling,gambling_matched,1536,864
146328.53500003694,-112,-47,-1,-1,stimulus_onset,https://dl.dropbox.com/s/d7p6opi7k60k8t3/lotto_balls.png?dl=0,https://dl.dropbox.com/s/ev8sazdi1s4dncu/cricket_balls.jpg?dl=0,gambling,gambling_matched,1536,864
146351.91500000656,310,123,-1,-1,stimulus_onset,https://dl.dropbox.com/s/d7p6opi7k60k8t3/lotto_balls.png?dl=0,https://dl.dropbox.com/s/ev8sazdi1s4dncu/cricket_balls.jpg?dl=0,gambling,gambling_matched,1536,864
146376.2149999966,310,123,-1,-1,stimulus_onset,https://dl.dropbox.com/s/d7p6opi7k60k8t3/lotto_balls.png?dl=0,https://dl.dropbox.com/s/ev8sazdi1s4dncu/cricket_balls.jpg?dl=0,gambling,gambling_matched,1536,864
146400.1949999947,221,21,-1,-1,stimulus_onset,https://dl.dropbox.com/s/d7p6opi7k60k8t3/lotto_balls.png?dl=0,https://dl.dropbox.com/s/ev8sazdi1s4dncu/cricket_balls.jpg?dl=0,gambling,gambling_matched,1536,864
146422.66999999993,483,-18,-1,-1,stimulus_onset,https://dl.dropbox.com/s/d7p6opi7k60k8t3/lotto_balls.png?dl=0,https://dl.dropbox.com/s/ev8sazdi1s4dncu/cricket_balls.jpg?dl=0,gambling,gambling_matched,1536,864
146446.96000003023,273,-10,-1,-1,stimulus_onset,https://dl.dropbox.com/s/d7p6opi7k60k8t3/lotto_balls.png?dl=0,https://dl.dropbox.com/s/ev8sazdi1s4dncu/cricket_balls.jpg?dl=0,gambling,gambling_matched,1536,864
146469.74500000942,175,164,-1,-1,stimulus_onset,https://dl.dropbox.com/s/d7p6opi7k60k8t3/lotto_balls.png?dl=0,https://dl.dropbox.com/s/ev8sazdi1s4dncu/cricket_balls.jpg?dl=0,gambling,gambling_matched,1536,864
146492.83000000287,1,264,-1,-1,stimulus_onset,https://dl.dropbox.com/s/d7p6opi7k60k8t3/lotto_balls.png?dl=0,https://dl.dropbox.com/s/ev8sazdi1s4dncu/cricket_balls.jpg?dl=0,gambling,gambling_matched,1536,864
146516.79500000319,190,21,-1,-1,stimulus_onset,https://dl.dropbox.com/s/d7p6opi7k60k8t3/lotto_balls.png?dl=0,https://dl.dropbox.com/s/ev8sazdi1s4dncu/cricket_balls.jpg?dl=0,gambling,gambling_matched,1536,864
146539.61500001606,190,21,-1,-1,stimulus_onset,https://dl.dropbox.com/s/d7p6opi7k60k8t3/lotto_balls.png?dl=0,https://dl.dropbox.com/s/ev8sazdi1s4dncu/cricket_balls.jpg?dl=0,gambling,gambling_matched,1536,864
146563.58499999624,303,656,-1,-1,stimulus_onset,https://dl.dropbox.com/s/d7p6opi7k60k8t3/lotto_balls.png?dl=0,https://dl.dropbox.com/s/ev8sazdi1s4dncu/cricket_balls.jpg?dl=0,gambling,gambling_matched,1536,864
146587.5450000167,181,544,-1,-1,stimulus_onset,https://dl.dropbox.com/s/d7p6opi7k60k8t3/lotto_balls.png?dl=0,https://dl.dropbox.com/s/ev8sazdi1s4dncu/cricket_balls.jpg?dl=0,gambling,gambling_matched,1536,864
146610.28500000248,64,523,-1,-1,stimulus_onset,https://dl.dropbox.com/s/d7p6opi7k60k8t3/lotto_balls.png?dl=0,https://dl.dropbox.com/s/ev8sazdi1s4dncu/cricket_balls.jpg?dl=0,gambling,gambling_matched,1536,864
146636.2599999993,251,-34,-1,-1,stimulus_onset,https://dl.dropbox.com/s/d7p6opi7k60k8t3/lotto_balls.png?dl=0,https://dl.dropbox.com/s/ev8sazdi1s4dncu/cricket_balls.jpg?dl=0,gambling,gambling_matched,1536,864
146679.57999999635,383,119,-1,-1,stimulus_onset,https://dl.dropbox.com/s/d7p6opi7k60k8t3/lotto_balls.png?dl=0,https://dl.dropbox.com/s/ev8sazdi1s4dncu/cricket_balls.jpg?dl=0,gambling,gambling_matched,1536,864
146704.65500000864,107,-178,-1,-1,stimulus_onset,https://dl.dropbox.com/s/d7p6opi7k60k8t3/lotto_balls.png?dl=0,https://dl.dropbox.com/s/ev8sazdi1s4dncu/cricket_balls.jpg?dl=0,gambling,gambling_matched,1536,864
146727.6450000354,313,123,-1,-1,stimulus_onset,https://dl.dropbox.com/s/d7p6opi7k60k8t3/lotto_balls.png?dl=0,https://dl.dropbox.com/s/ev8sazdi1s4dncu/cricket_balls.jpg?dl=0,gambling,gambling_matched,1536,864
146751.2899999856,161,151,-1,-1,stimulus_onset,https://dl.dropbox.com/s/d7p6opi7k60k8t3/lotto_balls.png?dl=0,https://dl.dropbox.com/s/ev8sazdi1s4dncu/cricket_balls.jpg?dl=0,gambling,gambling_matched,1536,864
146774.4449999882,316,206,-1,-1,stimulus_onset,https://dl.dropbox.com/s/d7p6opi7k60k8t3/lotto_balls.png?dl=0,https://dl.dropbox.com/s/ev8sazdi1s4dncu/cricket_balls.jpg?dl=0,gambling,gambling_matched,1536,864
146796.99000000255,204,238,-1,-1,stimulus_onset,https://dl.dropbox.com/s/d7p6opi7k60k8t3/lotto_balls.png?dl=0,https://dl.dropbox.com/s/ev8sazdi1s4dncu/cricket_balls.jpg?dl=0,gambling,gambling_matched,1536,864
146820.7650000113,180,276,-1,-1,stimulus_onset,https://dl.dropbox.com/s/d7p6opi7k60k8t3/lotto_balls.png?dl=0,https://dl.dropbox.com/s/ev8sazdi1s4dncu/cricket_balls.jpg?dl=0,gambling,gambling_matched,1536,864
146844.19999999227,180,276,-1,-1,stimulus_onset,https://dl.dropbox.com/s/d7p6opi7k60k8t3/lotto_balls.png?dl=0,https://dl.dropbox.com/s/ev8sazdi1s4dncu/cricket_balls.jpg?dl=0,gambling,gambling_matched,1536,864
146867.00000002747,-65,-270,-1,-1,stimulus_onset,https://dl.dropbox.com/s/d7p6opi7k60k8t3/lotto_balls.png?dl=0,https://dl.dropbox.com/s/ev8sazdi1s4dncu/cricket_balls.jpg?dl=0,gambling,gambling_matched,1536,864
146901.97499998612,-82,-83,-1,-1,stimulus_onset,https://dl.dropbox.com/s/d7p6opi7k60k8t3/lotto_balls.png?dl=0,https://dl.dropbox.com/s/ev8sazdi1s4dncu/cricket_balls.jpg?dl=0,gambling,gambling_matched,1536,864
146930.83999998635,-295,-70,-1,-1,stimulus_onset,https://dl.dropbox.com/s/d7p6opi7k60k8t3/lotto_balls.png?dl=0,https://dl.dropbox.com/s/ev8sazdi1s4dncu/cricket_balls.jpg?dl=0,gambling,gambling_matched,1536,864
146954.81000002474,-318,-18,-1,-1,stimulus_onset,https://dl.dropbox.com/s/d7p6opi7k60k8t3/lotto_balls.png?dl=0,https://dl.dropbox.com/s/ev8sazdi1s4dncu/cricket_balls.jpg?dl=0,gambling,gambling_matched,1536,864
146996.25500000548,-248,-116,-1,-1,stimulus_onset,https://dl.dropbox.com/s/d7p6opi7k60k8t3/lotto_balls.png?dl=0,https://dl.dropbox.com/s/ev8sazdi1s4dncu/cricket_balls.jpg?dl=0,gambling,gambling_matched,1536,864
147021.539999987,-432,33,-1,-1,stimulus_onset,https://dl.dropbox.com/s/d7p6opi7k60k8t3/lotto_balls.png?dl=0,https://dl.dropbox.com/s/ev8sazdi1s4dncu/cricket_balls.jpg?dl=0,gambling,gambling_matched,1536,864
147052.03000002075,-553,-90,-1,-1,stimulus_onset,https://dl.dropbox.com/s/d7p6opi7k60k8t3/lotto_balls.png?dl=0,https://dl.dropbox.com/s/ev8sazdi1s4dncu/cricket_balls.jpg?dl=0,gambling,gambling_matched,1536,864
147075.92000003206,-170,-122,-1,-1,stimulus_onset,https://dl.dropbox.com/s/d7p6opi7k60k8t3/lotto_balls.png?dl=0,https://dl.dropbox.com/s/ev8sazdi1s4dncu/cricket_balls.jpg?dl=0,gambling,gambling_matched,1536,864
147099.74500001408,-170,-122,-1,-1,stimulus_onset,https://dl.dropbox.com/s/d7p6opi7k60k8t3/lotto_balls.png?dl=0,https://dl.dropbox.com/s/ev8sazdi1s4dncu/cricket_balls.jpg?dl=0,gambling,gambling_matched,1536,864
147123.81000001915,-437,-127,-1,-1,stimulus_onset,https://dl.dropbox.com/s/d7p6opi7k60k8t3/lotto_balls.png?dl=0,https://dl.dropbox.com/s/ev8sazdi1s4dncu/cricket_balls.jpg?dl=0,gambling,gambling_matched,1536,864
147148.9850000362,-219,-155,-1,-1,stimulus_onset,https://dl.dropbox.com/s/d7p6opi7k60k8t3/lotto_balls.png?dl=0,https://dl.dropbox.com/s/ev8sazdi1s4dncu/cricket_balls.jpg?dl=0,gambling,gambling_matched,1536,864
147171.35499999858,-337,-166,-1,-1,stimulus_onset,https://dl.dropbox.com/s/d7p6opi7k60k8t3/lotto_balls.png?dl=0,https://dl.dropbox.com/s/ev8sazdi1s4dncu/cricket_balls.jpg?dl=0,gambling,gambling_matched,1536,864
147194.11500002025,-337,-166,-1,-1,stimulus_onset,https://dl.dropbox.com/s/d7p6opi7k60k8t3/lotto_balls.png?dl=0,https://dl.dropbox.com/s/ev8sazdi1s4dncu/cricket_balls.jpg?dl=0,gambling,gambling_matched,1536,864
147218.78500003368,-406,-63,-1,-1,stimulus_onset,https://dl.dropbox.com/s/d7p6opi7k60k8t3/lotto_balls.png?dl=0,https://dl.dropbox.com/s/ev8sazdi1s4dncu/cricket_balls.jpg?dl=0,gambling,gambling_matched,1536,864
147241.5049999836,-195,-92,-1,-1,stimulus_onset,https://dl.dropbox.com/s/d7p6opi7k60k8t3/lotto_balls.png?dl=0,https://dl.dropbox.com/s/ev8sazdi1s4dncu/cricket_balls.jpg?dl=0,gambling,gambling_matched,1536,864
147264.1650000005,-195,-92,-1,-1,stimulus_onset,https://dl.dropbox.com/s/d7p6opi7k60k8t3/lotto_balls.png?dl=0,https://dl.dropbox.com/s/ev8sazdi1s4dncu/cricket_balls.jpg?dl=0,gambling,gambling_matched,1536,864
147287.9200000316,-301,-49,-1,-1,stimulus_onset,https://dl.dropbox.com/s/d7p6opi7k60k8t3/lotto_balls.png?dl=0,https://dl.dropbox.com/s/ev8sazdi1s4dncu/cricket_balls.jpg?dl=0,gambling,gambling_matched,1536,864
147311.23500003014,-257,-233,-1,-1,stimulus_onset,https://dl.dropbox.com/s/d7p6opi7k60k8t3/lotto_balls.png?dl=0,https://dl.dropbox.com/s/ev8sazdi1s4dncu/cricket_balls.jpg?dl=0,gambling,gambling_matched,1536,864
147334.34500003932,-257,-233,-1,-1,stimulus_onset,https://dl.dropbox.com/s/d7p6opi7k60k8t3/lotto_balls.png?dl=0,https://dl.dropbox.com/s/ev8sazdi1s4dncu/cricket_balls.jpg?dl=0,gambling,gambling_matched,1536,864
147358.2250000327,-310,-102,-1,-1,stimulus_onset,https://dl.dropbox.com/s/d7p6opi7k60k8t3/lotto_balls.png?dl=0,https://dl.dropbox.com/s/ev8sazdi1s4dncu/cricket_balls.jpg?dl=0,gambling,gambling_matched,1536,864
147380.57500001742,-379,-260,-1,-1,stimulus_onset,https://dl.dropbox.com/s/d7p6opi7k60k8t3/lotto_balls.png?dl=0,https://dl.dropbox.com/s/ev8sazdi1s4dncu/cricket_balls.jpg?dl=0,gambling,gambling_matched,1536,864
147411.22000000905,-379,-260,-1,-1,stimulus_onset,https://dl.dropbox.com/s/d7p6opi7k60k8t3/lotto_balls.png?dl=0,https://dl.dropbox.com/s/ev8sazdi1s4dncu/cricket_balls.jpg?dl=0,gambling,gambling_matched,1536,864
147435.47500000568,-266,-11,-1,-1,stimulus_onset,https://dl.dropbox.com/s/d7p6opi7k60k8t3/lotto_balls.png?dl=0,https://dl.dropbox.com/s/ev8sazdi1s4dncu/cricket_balls.jpg?dl=0,gambling,gambling_matched,1536,864
147458.68999999948,-406,-165,-1,-1,stimulus_onset,https://dl.dropbox.com/s/d7p6opi7k60k8t3/lotto_balls.png?dl=0,https://dl.dropbox.com/s/ev8sazdi1s4dncu/cricket_balls.jpg?dl=0,gambling,gambling_matched,1536,864
147482.2249999852,-148,-165,-1,-1,stimulus_onset,https://dl.dropbox.com/s/d7p6opi7k60k8t3/lotto_balls.png?dl=0,https://dl.dropbox.com/s/ev8sazdi1s4dncu/cricket_balls.jpg?dl=0,gambling,gambling_matched,1536,864
147505.98499999614,-423,-133,-1,-1,stimulus_onset,https://dl.dropbox.com/s/d7p6opi7k60k8t3/lotto_balls.png?dl=0,https://dl.dropbox.com/s/ev8sazdi1s4dncu/cricket_balls.jpg?dl=0,gambling,gambling_matched,1536,864
147528.86000002036,-423,-133,-1,-1,stimulus_onset,https://dl.dropbox.com/s/d7p6opi7k60k8t3/lotto_balls.png?dl=0,https://dl.dropbox.com/s/ev8sazdi1s4dncu/cricket_balls.jpg?dl=0,gambling,gambling_matched,1536,864
147551.34000000544,-350,-264,-1,-1,stimulus_onset,https://dl.dropbox.com/s/d7p6opi7k60k8t3/lotto_balls.png?dl=0,https://dl.dropbox.com/s/ev8sazdi1s4dncu/cricket_balls.jpg?dl=0,gambling,gambling_matched,1536,864
147575.17000002554,-441,-317,-1,-1,stimulus_onset,https://dl.dropbox.com/s/d7p6opi7k60k8t3/lotto_balls.png?dl=0,https://dl.dropbox.com/s/ev8sazdi1s4dncu/cricket_balls.jpg?dl=0,gambling,gambling_matched,1536,864
147597.81000000658,-294,-308,-1,-1,stimulus_onset,https://dl.dropbox.com/s/d7p6opi7k60k8t3/lotto_balls.png?dl=0,https://dl.dropbox.com/s/ev8sazdi1s4dncu/cricket_balls.jpg?dl=0,gambling,gambling_matched,1536,864
147621.08000001172,-294,-308,-1,-1,stimulus_onset,https://dl.dropbox.com/s/d7p6opi7k60k8t3/lotto_balls.png?dl=0,https://dl.dropbox.com/s/ev8sazdi1s4dncu/cricket_balls.jpg?dl=0,gambling,gambling_matched,1536,864
147645.8500000299,-305,-135,-1,-1,stimulus_onset,https://dl.dropbox.com/s/d7p6opi7k60k8t3/lotto_balls.png?dl=0,https://dl.dropbox.com/s/ev8sazdi1s4dncu/cricket_balls.jpg?dl=0,gambling,gambling_matched,1536,864
147669.07000000356,-254,-190,-1,-1,stimulus_onset,https://dl.dropbox.com/s/d7p6opi7k60k8t3/lotto_balls.png?dl=0,https://dl.dropbox.com/s/ev8sazdi1s4dncu/cricket_balls.jpg?dl=0,gambling,gambling_matched,1536,864
147692.31499999296,-254,-190,-1,-1,stimulus_onset,https://dl.dropbox.com/s/d7p6opi7k60k8t3/lotto_balls.png?dl=0,https://dl.dropbox.com/s/ev8sazdi1s4dncu/cricket_balls.jpg?dl=0,gambling,gambling_matched,1536,864
147716.630000039,-180,-241,-1,-1,stimulus_onset,https://dl.dropbox.com/s/d7p6opi7k60k8t3/lotto_balls.png?dl=0,https://dl.dropbox.com/s/ev8sazdi1s4dncu/cricket_balls.jpg?dl=0,gambling,gambling_matched,1536,864
147741.19000002975,-322,-269,-1,-1,stimulus_onset,https://dl.dropbox.com/s/d7p6opi7k60k8t3/lotto_balls.png?dl=0,https://dl.dropbox.com/s/ev8sazdi1s4dncu/cricket_balls.jpg?dl=0,gambling,gambling_matched,1536,864
147764.20000003418,-245,-202,-1,-1,stimulus_onset,https://dl.dropbox.com/s/d7p6opi7k60k8t3/lotto_balls.png?dl=0,https://dl.dropbox.com/s/ev8sazdi1s4dncu/cricket_balls.jpg?dl=0,gambling,gambling_matched,1536,864
147788.6550000403,-245,-202,-1,-1,stimulus_onset,https://dl.dropbox.com/s/d7p6opi7k60k8t3/lotto_balls.png?dl=0,https://dl.dropbox.com/s/ev8sazdi1s4dncu/cricket_balls.jpg?dl=0,gambling,gambling_matched,1536,864
147812.4400000088,-63,-58,-1,-1,stimulus_onset,https://dl.dropbox.com/s/d7p6opi7k60k8t3/lotto_balls.png?dl=0,https://dl.dropbox.com/s/ev8sazdi1s4dncu/cricket_balls.jpg?dl=0,gambling,gambling_matched,1536,864
147836.15500002634,-63,-58,-1,-1,stimulus_onset,https://dl.dropbox.com/s/d7p6opi7k60k8t3/lotto_balls.png?dl=0,https://dl.dropbox.com/s/ev8sazdi1s4dncu/cricket_balls.jpg?dl=0,gambling,gambling_matched,1536,864
147860.6950000394,-167,-255,-1,-1,stimulus_onset,https://dl.dropbox.com/s/d7p6opi7k60k8t3/lotto_balls.png?dl=0,https://dl.dropbox.com/s/ev8sazdi1s4dncu/cricket_balls.jpg?dl=0,gambling,gambling_matched,1536,864
147884.16499999585,-182,-236,-1,-1,stimulus_onset,https://dl.dropbox.com/s/d7p6opi7k60k8t3/lotto_balls.png?dl=0,https://dl.dropbox.com/s/ev8sazdi1s4dncu/cricket_balls.jpg?dl=0,gambling,gambling_matched,1536,864
147907.74500003317,-208,-387,-1,-1,stimulus_onset,https://dl.dropbox.com/s/d7p6opi7k60k8t3/lotto_balls.png?dl=0,https://dl.dropbox.com/s/ev8sazdi1s4dncu/cricket_balls.jpg?dl=0,gambling,gambling_matched,1536,864
147933.12500003958,-208,-387,-1,-1,stimulus_onset,https://dl.dropbox.com/s/d7p6opi7k60k8t3/lotto_balls.png?dl=0,https://dl.dropbox.com/s/ev8sazdi1s4dncu/cricket_balls.jpg?dl=0,gambling,gambling_matched,1536,864
147955.93500003451,-212,-136,-1,-1,stimulus_onset,https://dl.dropbox.com/s/d7p6opi7k60k8t3/lotto_balls.png?dl=0,https://dl.dropbox.com/s/ev8sazdi1s4dncu/cricket_balls.jpg?dl=0,gambling,gambling_matched,1536,864
147978.6450000247,-348,-339,-1,-1,stimulus_onset,https://dl.dropbox.com/s/d7p6opi7k60k8t3/lotto_balls.png?dl=0,https://dl.dropbox.com/s/ev8sazdi1s4dncu/cricket_balls.jpg?dl=0,gambling,gambling_matched,1536,864
148003.1650000019,100,-89,-1,-1,stimulus_onset,https://dl.dropbox.com/s/d7p6opi7k60k8t3/lotto_balls.png?dl=0,https://dl.dropbox.com/s/ev8sazdi1s4dncu/cricket_balls.jpg?dl=0,gambling,gambling_matched,1536,864
148025.93000000343,-5,-94,-1,-1,stimulus_onset,https://dl.dropbox.com/s/d7p6opi7k60k8t3/lotto_balls.png?dl=0,https://dl.dropbox.com/s/ev8sazdi1s4dncu/cricket_balls.jpg?dl=0,gambling,gambling_matched,1536,864
148048.79999998957,445,-40,-1,-1,stimulus_onset,https://dl.dropbox.com/s/d7p6opi7k60k8t3/lotto_balls.png?dl=0,https://dl.dropbox.com/s/ev8sazdi1s4dncu/cricket_balls.jpg?dl=0,gambling,gambling_matched,1536,864
148073.66500003263,228,57,-1,-1,stimulus_onset,https://dl.dropbox.com/s/d7p6opi7k60k8t3/lotto_balls.png?dl=0,https://dl.dropbox.com/s/ev8sazdi1s4dncu/cricket_balls.jpg?dl=0,gambling,gambling_matched,1536,864
148096.59000003012,30,166,-1,-1,stimulus_onset,https://dl.dropbox.com/s/d7p6opi7k60k8t3/lotto_balls.png?dl=0,https://dl.dropbox.com/s/ev8sazdi1s4dncu/cricket_balls.jpg?dl=0,gambling,gambling_matched,1536,864
148119.72000001697,419,496,-1,-1,stimulus_onset,https://dl.dropbox.com/s/d7p6opi7k60k8t3/lotto_balls.png?dl=0,https://dl.dropbox.com/s/ev8sazdi1s4dncu/cricket_balls.jpg?dl=0,gambling,gambling_matched,1536,864
148144.58500000183,-2,585,-1,-1,stimulus_onset,https://dl.dropbox.com/s/d7p6opi7k60k8t3/lotto_balls.png?dl=0,https://dl.dropbox.com/s/ev8sazdi1s4dncu/cricket_balls.jpg?dl=0,gambling,gambling_matched,1536,864
148170.85500003304,329,729,-1,-1,stimulus_onset,https://dl.dropbox.com/s/d7p6opi7k60k8t3/lotto_balls.png?dl=0,https://dl.dropbox.com/s/ev8sazdi1s4dncu/cricket_balls.jpg?dl=0,gambling,gambling_matched,1536,864
148210.92500002123,183,218,-1,-1,stimulus_onset,https://dl.dropbox.com/s/d7p6opi7k60k8t3/lotto_balls.png?dl=0,https://dl.dropbox.com/s/ev8sazdi1s4dncu/cricket_balls.jpg?dl=0,gambling,gambling_matched,1536,864
148237.09000000963,413,190,-1,-1,stimulus_onset,https://dl.dropbox.com/s/d7p6opi7k60k8t3/lotto_balls.png?dl=0,https://dl.dropbox.com/s/ev8sazdi1s4dncu/cricket_balls.jpg?dl=0,gambling,gambling_matched,1536,864
148267.34000002034,203,80,-1,-1,stimulus_onset,https://dl.dropbox.com/s/d7p6opi7k60k8t3/lotto_balls.png?dl=0,https://dl.dropbox.com/s/ev8sazdi1s4dncu/cricket_balls.jpg?dl=0,gambling,gambling_matched,1536,864
148289.66000000946,412,353,-1,-1,stimulus_onset,https://dl.dropbox.com/s/d7p6opi7k60k8t3/lotto_balls.png?dl=0,https://dl.dropbox.com/s/ev8sazdi1s4dncu/cricket_balls.jpg?dl=0,gambling,gambling_matched,1536,864
148313.3150000358,412,353,-1,-1,stimulus_onset,https://dl.dropbox.com/s/d7p6opi7k60k8t3/lotto_balls.png?dl=0,https://dl.dropbox.com/s/ev8sazdi1s4dncu/cricket_balls.jpg?dl=0,gambling,gambling_matched,1536,864
148336.0700000194,217,254,-1,-1,stimulus_onset,https://dl.dropbox.com/s/d7p6opi7k60k8t3/lotto_balls.png?dl=0,https://dl.dropbox.com/s/ev8sazdi1s4dncu/cricket_balls.jpg?dl=0,gambling,gambling_matched,1536,864
148366.64000002202,418,687,-1,-1,stimulus_onset,https://dl.dropbox.com/s/d7p6opi7k60k8t3/lotto_balls.png?dl=0,https://dl.dropbox.com/s/ev8sazdi1s4dncu/cricket_balls.jpg?dl=0,gambling,gambling_matched,1536,864
148390.26499999454,302,492,-1,-1,stimulus_onset,https://dl.dropbox.com/s/d7p6opi7k60k8t3/lotto_balls.png?dl=0,https://dl.dropbox.com/s/ev8sazdi1s4dncu/cricket_balls.jpg?dl=0,gambling,gambling_matched,1536,864
148412.7350000199,294,329,-1,-1,stimulus_onset,https://dl.dropbox.com/s/d7p6opi7k60k8t3/lotto_balls.png?dl=0,https://dl.dropbox.com/s/ev8sazdi1s4dncu/cricket_balls.jpg?dl=0,gambling,gambling_matched,1536,864
148436.97500001872,322,-109,-1,-1,stimulus_onset,https://dl.dropbox.com/s/d7p6opi7k60k8t3/lotto_balls.png?dl=0,https://dl.dropbox.com/s/ev8sazdi1s4dncu/cricket_balls.jpg?dl=0,gambling,gambling_matched,1536,864
148460.9000000055,280,134,-1,-1,stimulus_onset,https://dl.dropbox.com/s/d7p6opi7k60k8t3/lotto_balls.png?dl=0,https://dl.dropbox.com/s/ev8sazdi1s4dncu/cricket_balls.jpg?dl=0,gambling,gambling_matched,1536,864
148483.83500002092,401,-63,-1,-1,stimulus_onset,https://dl.dropbox.com/s/d7p6opi7k60k8t3/lotto_balls.png?dl=0,https://dl.dropbox.com/s/ev8sazdi1s4dncu/cricket_balls.jpg?dl=0,gambling,gambling_matched,1536,864
148506.87500002095,370,-151,-1,-1,stimulus_onset,https://dl.dropbox.com/s/d7p6opi7k60k8t3/lotto_balls.png?dl=0,https://dl.dropbox.com/s/ev8sazdi1s4dncu/cricket_balls.jpg?dl=0,gambling,gambling_matched,1536,864
148531.32000000915,169,91,-1,-1,stimulus_onset,https://dl.dropbox.com/s/d7p6opi7k60k8t3/lotto_balls.png?dl=0,https://dl.dropbox.com/s/ev8sazdi1s4dncu/cricket_balls.jpg?dl=0,gambling,gambling_matched,1536,864
148554.73500001244,9,231,-1,-1,stimulus_onset,https://dl.dropbox.com/s/d7p6opi7k60k8t3/lotto_balls.png?dl=0,https://dl.dropbox.com/s/ev8sazdi1s4dncu/cricket_balls.jpg?dl=0,gambling,gambling_matched,1536,864
148577.74999999674,-35,75,-1,-1,stimulus_onset,https://dl.dropbox.com/s/d7p6opi7k60k8t3/lotto_balls.png?dl=0,https://dl.dropbox.com/s/ev8sazdi1s4dncu/cricket_balls.jpg?dl=0,gambling,gambling_matched,1536,864
148602.09000000032,-8,114,-1,-1,stimulus_onset,https://dl.dropbox.com/s/d7p6opi7k60k8t3/lotto_balls.png?dl=0,https://dl.dropbox.com/s/ev8sazdi1s4dncu/cricket_balls.jpg?dl=0,gambling,gambling_matched,1536,864
148625.5550000351,17,307,-1,-1,stimulus_onset,https://dl.dropbox.com/s/d7p6opi7k60k8t3/lotto_balls.png?dl=0,https://dl.dropbox.com/s/ev8sazdi1s4dncu/cricket_balls.jpg?dl=0,gambling,gambling_matched,1536,864
148648.28000002308,17,307,-1,-1,stimulus_onset,https://dl.dropbox.com/s/d7p6opi7k60k8t3/lotto_balls.png?dl=0,https://dl.dropbox.com/s/ev8sazdi1s4dncu/cricket_balls.jpg?dl=0,gambling,gambling_matched,1536,864
148672.54500003764,-26,235,-1,-1,stimulus_onset,https://dl.dropbox.com/s/d7p6opi7k60k8t3/lotto_balls.png?dl=0,https://dl.dropbox.com/s/ev8sazdi1s4dncu/cricket_balls.jpg?dl=0,gambling,gambling_matched,1536,864
148695.65499998862,-113,370,-1,-1,stimulus_onset,https://dl.dropbox.com/s/d7p6opi7k60k8t3/lotto_balls.png?dl=0,https://dl.dropbox.com/s/ev8sazdi1s4dncu/cricket_balls.jpg?dl=0,gambling,gambling_matched,1536,864
148718.3199999854,41,214,-1,-1,stimulus_onset,https://dl.dropbox.com/s/d7p6opi7k60k8t3/lotto_balls.png?dl=0,https://dl.dropbox.com/s/ev8sazdi1s4dncu/cricket_balls.jpg?dl=0,gambling,gambling_matched,1536,864
148742.42999998387,41,214,-1,-1,stimulus_onset,https://dl.dropbox.com/s/d7p6opi7k60k8t3/lotto_balls.png?dl=0,https://dl.dropbox.com/s/ev8sazdi1s4dncu/cricket_balls.jpg?dl=0,gambling,gambling_matched,1536,864
148765.66000003368,162,320,-1,-1,stimulus_onset,https://dl.dropbox.com/s/d7p6opi7k60k8t3/lotto_balls.png?dl=0,https://dl.dropbox.com/s/ev8sazdi1s4dncu/cricket_balls.jpg?dl=0,gambling,gambling_matched,1536,864
148790.3299999889,-164,165,-1,-1,stimulus_onset,https://dl.dropbox.com/s/d7p6opi7k60k8t3/lotto_balls.png?dl=0,https://dl.dropbox.com/s/ev8sazdi1s4dncu/cricket_balls.jpg?dl=0,gambling,gambling_matched,1536,864
148815.05500001367,-26,325,-1,-1,stimulus_onset,https://dl.dropbox.com/s/d7p6opi7k60k8t3/lotto_balls.png?dl=0,https://dl.dropbox.com/s/ev8sazdi1s4dncu/cricket_balls.jpg?dl=0,gambling,gambling_matched,1536,864
148838.04000000237,-26,325,-1,-1,stimulus_onset,https://dl.dropbox.com/s/d7p6opi7k60k8t3/lotto_balls.png?dl=0,https://dl.dropbox.com/s/ev8sazdi1s4dncu/cricket_balls.jpg?dl=0,gambling,gambling_matched,1536,864
148861.24500003643,133,101,-1,-1,stimulus_onset,https://dl.dropbox.com/s/d7p6opi7k60k8t3/lotto_balls.png?dl=0,https://dl.dropbox.com/s/ev8sazdi1s4dncu/cricket_balls.jpg?dl=0,gambling,gambling_matched,1536,864
148885.24999999208,193,150,-1,-1,stimulus_onset,https://dl.dropbox.com/s/d7p6opi7k60k8t3/lotto_balls.png?dl=0,https://dl.dropbox.com/s/ev8sazdi1s4dncu/cricket_balls.jpg?dl=0,gambling,gambling_matched,1536,864
148908.23500003899,193,150,-1,-1,stimulus_onset,https://dl.dropbox.com/s/d7p6opi7k60k8t3/lotto_balls.png?dl=0,https://dl.dropbox.com/s/ev8sazdi1s4dncu/cricket_balls.jpg?dl=0,gambling,gambling_matched,1536,864
148931.6000000108,158,166,-1,-1,stimulus_onset,https://dl.dropbox.com/s/d7p6opi7k60k8t3/lotto_balls.png?dl=0,https://dl.dropbox.com/s/ev8sazdi1s4dncu/cricket_balls.jpg?dl=0,gambling,gambling_matched,1536,864
148956.594999996,158,166,-1,-1,stimulus_onset,https://dl.dropbox.com/s/d7p6opi7k60k8t3/lotto_balls.png?dl=0,https://dl.dropbox.com/s/ev8sazdi1s4dncu/cricket_balls.jpg?dl=0,gambling,gambling_matched,1536,864
148979.83999998542,163,208,-1,-1,stimulus_onset,https://dl.dropbox.com/s/d7p6opi7k60k8t3/lotto_balls.png?dl=0,https://dl.dropbox.com/s/ev8sazdi1s4dncu/cricket_balls.jpg?dl=0,gambling,gambling_matched,1536,864
149002.39999999758,64,176,-1,-1,stimulus_onset,https://dl.dropbox.com/s/d7p6opi7k60k8t3/lotto_balls.png?dl=0,https://dl.dropbox.com/s/ev8sazdi1s4dncu/cricket_balls.jpg?dl=0,gambling,gambling_matched,1536,864
149026.66000003228,147,143,-1,-1,stimulus_onset,https://dl.dropbox.com/s/d7p6opi7k60k8t3/lotto_balls.png?dl=0,https://dl.dropbox.com/s/ev8sazdi1s4dncu/cricket_balls.jpg?dl=0,gambling,gambling_matched,1536,864
149049.66000001878,147,143,-1,-1,stimulus_onset,https://dl.dropbox.com/s/d7p6opi7k60k8t3/lotto_balls.png?dl=0,https://dl.dropbox.com/s/ev8sazdi1s4dncu/cricket_balls.jpg?dl=0,gambling,gambling_matched,1536,864
149072.1650000196,327,169,-1,-1,stimulus_onset,https://dl.dropbox.com/s/d7p6opi7k60k8t3/lotto_balls.png?dl=0,https://dl.dropbox.com/s/ev8sazdi1s4dncu/cricket_balls.jpg?dl=0,gambling,gambling_matched,1536,864
149095.90499999467,360,449,-1,-1,stimulus_onset,https://dl.dropbox.com/s/d7p6opi7k60k8t3/lotto_balls.png?dl=0,https://dl.dropbox.com/s/ev8sazdi1s4dncu/cricket_balls.jpg?dl=0,gambling,gambling_matched,1536,864
149119.27500000456,295,146,-1,-1,stimulus_onset,https://dl.dropbox.com/s/d7p6opi7k60k8t3/lotto_balls.png?dl=0,https://dl.dropbox.com/s/ev8sazdi1s4dncu/cricket_balls.jpg?dl=0,gambling,gambling_matched,1536,864
149142.89499999722,552,-147,-1,-1,stimulus_onset,https://dl.dropbox.com/s/d7p6opi7k60k8t3/lotto_balls.png?dl=0,https://dl.dropbox.com/s/ev8sazdi1s4dncu/cricket_balls.jpg?dl=0,gambling,gambling_matched,1536,864
149166.58499999903,223,111,-1,-1,stimulus_onset,https://dl.dropbox.com/s/d7p6opi7k60k8t3/lotto_balls.png?dl=0,https://dl.dropbox.com/s/ev8sazdi1s4dncu/cricket_balls.jpg?dl=0,gambling,gambling_matched,1536,864
149190.24000002537,481,316,-1,-1,stimulus_onset,https://dl.dropbox.com/s/d7p6opi7k60k8t3/lotto_balls.png?dl=0,https://dl.dropbox.com/s/ev8sazdi1s4dncu/cricket_balls.jpg?dl=0,gambling,gambling_matched,1536,864
149217.9200000246,513,588,-1,-1,stimulus_onset,https://dl.dropbox.com/s/d7p6opi7k60k8t3/lotto_balls.png?dl=0,https://dl.dropbox.com/s/ev8sazdi1s4dncu/cricket_balls.jpg?dl=0,gambling,gambling_matched,1536,864
149241.91000004066,94,333,-1,-1,stimulus_onset,https://dl.dropbox.com/s/d7p6opi7k60k8t3/lotto_balls.png?dl=0,https://dl.dropbox.com/s/ev8sazdi1s4dncu/cricket_balls.jpg?dl=0,gambling,gambling_matched,1536,864
149264.77499998873,-161,198,-1,-1,stimulus_onset,https://dl.dropbox.com/s/d7p6opi7k60k8t3/lotto_balls.png?dl=0,https://dl.dropbox.com/s/ev8sazdi1s4dncu/cricket_balls.jpg?dl=0,gambling,gambling_matched,1536,864
149287.79999999097,-152,310,-1,-1,stimulus_onset,https://dl.dropbox.com/s/d7p6opi7k60k8t3/lotto_balls.png?dl=0,https://dl.dropbox.com/s/ev8sazdi1s4dncu/cricket_balls.jpg?dl=0,gambling,gambling_matched,1536,864
149311.21499999426,77,128,-1,-1,stimulus_onset,https://dl.dropbox.com/s/d7p6opi7k60k8t3/lotto_balls.png?dl=0,https://dl.dropbox.com/s/ev8sazdi1s4dncu/cricket_balls.jpg?dl=0,gambling,gambling_matched,1536,864
149333.66000000387,7,282,-1,-1,stimulus_onset,https://dl.dropbox.com/s/d7p6opi7k60k8t3/lotto_balls.png?dl=0,https://dl.dropbox.com/s/ev8sazdi1s4dncu/cricket_balls.jpg?dl=0,gambling,gambling_matched,1536,864
149356.03000002448,190,195,-1,-1,stimulus_onset,https://dl.dropbox.com/s/d7p6opi7k60k8t3/lotto_balls.png?dl=0,https://dl.dropbox.com/s/ev8sazdi1s4dncu/cricket_balls.jpg?dl=0,gambling,gambling_matched,1536,864
149380.1650000387,99,69,-1,-1,stimulus_onset,https://dl.dropbox.com/s/d7p6opi7k60k8t3/lotto_balls.png?dl=0,https://dl.dropbox.com/s/ev8sazdi1s4dncu/cricket_balls.jpg?dl=0,gambling,gambling_matched,1536,864
149419.89000001922,99,69,-1,-1,stimulus_onset,https://dl.dropbox.com/s/d7p6opi7k60k8t3/lotto_balls.png?dl=0,https://dl.dropbox.com/s/ev8sazdi1s4dncu/cricket_balls.jpg?dl=0,gambling,gambling_matched,1536,864
149444.4750000257,34,96,-1,-1,stimulus_onset,https://dl.dropbox.com/s/d7p6opi7k60k8t3/lotto_balls.png?dl=0,https://dl.dropbox.com/s/ev8sazdi1s4dncu/cricket_balls.jpg?dl=0,gambling,gambling_matched,1536,864
149476.399999985,80,93,-1,-1,stimulus_onset,https://dl.dropbox.com/s/d7p6opi7k60k8t3/lotto_balls.png?dl=0,https://dl.dropbox.com/s/ev8sazdi1s4dncu/cricket_balls.jpg?dl=0,gambling,gambling_matched,1536,864
149499.47999999858,80,93,-1,-1,stimulus_onset,https://dl.dropbox.com/s/d7p6opi7k60k8t3/lotto_balls.png?dl=0,https://dl.dropbox.com/s/ev8sazdi1s4dncu/cricket_balls.jpg?dl=0,gambling,gambling_matched,1536,864
149522.22500002244,8,112,-1,-1,stimulus_onset,https://dl.dropbox.com/s/d7p6opi7k60k8t3/lotto_balls.png?dl=0,https://dl.dropbox.com/s/ev8sazdi1s4dncu/cricket_balls.jpg?dl=0,gambling,gambling_matched,1536,864
149545.99000001326,106,194,-1,-1,stimulus_onset,https://dl.dropbox.com/s/d7p6opi7k60k8t3/lotto_balls.png?dl=0,https://dl.dropbox.com/s/ev8sazdi1s4dncu/cricket_balls.jpg?dl=0,gambling,gambling_matched,1536,864
149576.4799999888,101,141,-1,-1,stimulus_onset,https://dl.dropbox.com/s/d7p6opi7k60k8t3/lotto_balls.png?dl=0,https://dl.dropbox.com/s/ev8sazdi1s4dncu/cricket_balls.jpg?dl=0,gambling,gambling_matched,1536,864
149600.67000001436,-46,71,-1,-1,stimulus_onset,https://dl.dropbox.com/s/d7p6opi7k60k8t3/lotto_balls.png?dl=0,https://dl.dropbox.com/s/ev8sazdi1s4dncu/cricket_balls.jpg?dl=0,gambling,gambling_matched,1536,864
149624.3850000319,-32,-66,-1,-1,stimulus_onset,https://dl.dropbox.com/s/d7p6opi7k60k8t3/lotto_balls.png?dl=0,https://dl.dropbox.com/s/ev8sazdi1s4dncu/cricket_balls.jpg?dl=0,gambling,gambling_matched,1536,864
149647.8300000308,63,90,-1,-1,stimulus_onset,https://dl.dropbox.com/s/d7p6opi7k60k8t3/lotto_balls.png?dl=0,https://dl.dropbox.com/s/ev8sazdi1s4dncu/cricket_balls.jpg?dl=0,gambling,gambling_matched,1536,864
149670.23500002688,63,90,-1,-1,stimulus_onset,https://dl.dropbox.com/s/d7p6opi7k60k8t3/lotto_balls.png?dl=0,https://dl.dropbox.com/s/ev8sazdi1s4dncu/cricket_balls.jpg?dl=0,gambling,gambling_matched,1536,864
149694.45000000997,74,49,-1,-1,stimulus_onset,https://dl.dropbox.com/s/d7p6opi7k60k8t3/lotto_balls.png?dl=0,https://dl.dropbox.com/s/ev8sazdi1s4dncu/cricket_balls.jpg?dl=0,gambling,gambling_matched,1536,864
149717.00499998406,152,435,-1,-1,stimulus_onset,https://dl.dropbox.com/s/d7p6opi7k60k8t3/lotto_balls.png?dl=0,https://dl.dropbox.com/s/ev8sazdi1s4dncu/cricket_balls.jpg?dl=0,gambling,gambling_matched,1536,864
149740.56000000564,45,356,-1,-1,stimulus_onset,https://dl.dropbox.com/s/d7p6opi7k60k8t3/lotto_balls.png?dl=0,https://dl.dropbox.com/s/ev8sazdi1s4dncu/cricket_balls.jpg?dl=0,gambling,gambling_matched,1536,864
149764.75500001106,169,595,-1,-1,stimulus_onset,https://dl.dropbox.com/s/d7p6opi7k60k8t3/lotto_balls.png?dl=0,https://dl.dropbox.com/s/ev8sazdi1s4dncu/cricket_balls.jpg?dl=0,gambling,gambling_matched,1536,864
149787.32499998296,286,199,-1,-1,stimulus_onset,https://dl.dropbox.com/s/d7p6opi7k60k8t3/lotto_balls.png?dl=0,https://dl.dropbox.com/s/ev8sazdi1s4dncu/cricket_balls.jpg?dl=0,gambling,gambling_matched,1536,864
149810.05000002915,212,93,-1,-1,stimulus_onset,https://dl.dropbox.com/s/d7p6opi7k60k8t3/lotto_balls.png?dl=0,https://dl.dropbox.com/s/ev8sazdi1s4dncu/cricket_balls.jpg?dl=0,gambling,gambling_matched,1536,864
149835.49500000663,212,93,-1,-1,stimulus_onset,https://dl.dropbox.com/s/d7p6opi7k60k8t3/lotto_balls.png?dl=0,https://dl.dropbox.com/s/ev8sazdi1s4dncu/cricket_balls.jpg?dl=0,gambling,gambling_matched,1536,864
149858.43500000192,593,445,-1,-1,stimulus_onset,https://dl.dropbox.com/s/d7p6opi7k60k8t3/lotto_balls.png?dl=0,https://dl.dropbox.com/s/ev8sazdi1s4dncu/cricket_balls.jpg?dl=0,gambling,gambling_matched,1536,864
149881.39500003308,540,380,-1,-1,stimulus_onset,https://dl.dropbox.com/s/d7p6opi7k60k8t3/lotto_balls.png?dl=0,https://dl.dropbox.com/s/ev8sazdi1s4dncu/cricket_balls.jpg?dl=0,gambling,gambling_matched,1536,864
149924.25999999978,-33,-55,-1,-1,stimulus_onset,https://dl.dropbox.com/s/d7p6opi7k60k8t3/lotto_balls.png?dl=0,https://dl.dropbox.com/s/ev8sazdi1s4dncu/cricket_balls.jpg?dl=0,gambling,gambling_matched,1536,864
149946.92499999655,-227,36,-1,-1,stimulus_onset,https://dl.dropbox.com/s/d7p6opi7k60k8t3/lotto_balls.png?dl=0,https://dl.dropbox.com/s/ev8sazdi1s4dncu/cricket_balls.jpg?dl=0,gambling,gambling_matched,1536,864
149969.66000000248,-238,279,-1,-1,stimulus_onset,https://dl.dropbox.com/s/d7p6opi7k60k8t3/lotto_balls.png?dl=0,https://dl.dropbox.com/s/ev8sazdi1s4dncu/cricket_balls.jpg?dl=0,gambling,gambling_matched,1536,864
149994.50500000967,131,211,-1,-1,stimulus_onset,https://dl.dropbox.com/s/d7p6opi7k60k8t3/lotto_balls.png?dl=0,https://dl.dropbox.com/s/ev8sazdi1s4dncu/cricket_balls.jpg?dl=0,gambling,gambling_matched,1536,864
150022.59499998763,161,63,-1,-1,stimulus_onset,https://dl.dropbox.com/s/d7p6opi7k60k8t3/lotto_balls.png?dl=0,https://dl.dropbox.com/s/ev8sazdi1s4dncu/cricket_balls.jpg?dl=0,gambling,gambling_matched,1536,864
150045.28500000015,13,-96,-1,-1,stimulus_onset,https://dl.dropbox.com/s/d7p6opi7k60k8t3/lotto_balls.png?dl=0,https://dl.dropbox.com/s/ev8sazdi1s4dncu/cricket_balls.jpg?dl=0,gambling,gambling_matched,1536,864
150069.28500003414,38,-33,-1,-1,stimulus_onset,https://dl.dropbox.com/s/d7p6opi7k60k8t3/lotto_balls.png?dl=0,https://dl.dropbox.com/s/ev8sazdi1s4dncu/cricket_balls.jpg?dl=0,gambling,gambling_matched,1536,864
150092.7200000151,38,-33,-1,-1,stimulus_onset,https://dl.dropbox.com/s/d7p6opi7k60k8t3/lotto_balls.png?dl=0,https://dl.dropbox.com/s/ev8sazdi1s4dncu/cricket_balls.jpg?dl=0,gambling,gambling_matched,1536,864
150115.51500001224,218,-157,-1,-1,stimulus_onset,https://dl.dropbox.com/s/d7p6opi7k60k8t3/lotto_balls.png?dl=0,https://dl.dropbox.com/s/ev8sazdi1s4dncu/cricket_balls.jpg?dl=0,gambling,gambling_matched,1536,864
150139.58499999717,218,-157,-1,-1,stimulus_onset,https://dl.dropbox.com/s/d7p6opi7k60k8t3/lotto_balls.png?dl=0,https://dl.dropbox.com/s/ev8sazdi1s4dncu/cricket_balls.jpg?dl=0,gambling,gambling_matched,1536,864
150162.50000003492,73,-264,-1,-1,stimulus_onset,https://dl.dropbox.com/s/d7p6opi7k60k8t3/lotto_balls.png?dl=0,https://dl.dropbox.com/s/ev8sazdi1s4dncu/cricket_balls.jpg?dl=0,gambling,gambling_matched,1536,864
150186.05000001844,-28,69,-1,-1,stimulus_onset,https://dl.dropbox.com/s/d7p6opi7k60k8t3/lotto_balls.png?dl=0,https://dl.dropbox.com/s/ev8sazdi1s4dncu/cricket_balls.jpg?dl=0,gambling,gambling_matched,1536,864
150209.98500002315,235,261,-1,-1,stimulus_onset,https://dl.dropbox.com/s/d7p6opi7k60k8t3/lotto_balls.png?dl=0,https://dl.dropbox.com/s/ev8sazdi1s4dncu/cricket_balls.jpg?dl=0,gambling,gambling_matched,1536,864
150234.16500003077,235,261,-1,-1,stimulus_onset,https://dl.dropbox.com/s/d7p6opi7k60k8t3/lotto_balls.png?dl=0,https://dl.dropbox.com/s/ev8sazdi1s4dncu/cricket_balls.jpg?dl=0,gambling,gambling_matched,1536,864
150259.43000003463,33,12,-1,-1,stimulus_onset,https://dl.dropbox.com/s/d7p6opi7k60k8t3/lotto_balls.png?dl=0,https://dl.dropbox.com/s/ev8sazdi1s4dncu/cricket_balls.jpg?dl=0,gambling,gambling_matched,1536,864
150283.25999999652,403,240,-1,-1,stimulus_onset,https://dl.dropbox.com/s/d7p6opi7k60k8t3/lotto_balls.png?dl=0,https://dl.dropbox.com/s/ev8sazdi1s4dncu/cricket_balls.jpg?dl=0,gambling,gambling_matched,1536,864
150306.25000002328,46,411,-1,-1,stimulus_onset,https://dl.dropbox.com/s/d7p6opi7k60k8t3/lotto_balls.png?dl=0,https://dl.dropbox.com/s/ev8sazdi1s4dncu/cricket_balls.jpg?dl=0,gambling,gambling_matched,1536,864
150329.62000003317,247,165,-1,-1,stimulus_onset,https://dl.dropbox.com/s/d7p6opi7k60k8t3/lotto_balls.png?dl=0,https://dl.dropbox.com/s/ev8sazdi1s4dncu/cricket_balls.jpg?dl=0,gambling,gambling_matched,1536,864
150372.04500002554,475,17,-1,-1,stimulus_onset,https://dl.dropbox.com/s/d7p6opi7k60k8t3/lotto_balls.png?dl=0,https://dl.dropbox.com/s/ev8sazdi1s4dncu/cricket_balls.jpg?dl=0,gambling,gambling_matched,1536,864
150395.6350000226,92,194,-1,-1,stimulus_onset,https://dl.dropbox.com/s/d7p6opi7k60k8t3/lotto_balls.png?dl=0,https://dl.dropbox.com/s/ev8sazdi1s4dncu/cricket_balls.jpg?dl=0,gambling,gambling_matched,1536,864
150437.6250000205,256,158,-1,-1,stimulus_onset,https://dl.dropbox.com/s/d7p6opi7k60k8t3/lotto_balls.png?dl=0,https://dl.dropbox.com/s/ev8sazdi1s4dncu/cricket_balls.jpg?dl=0,gambling,gambling_matched,1536,864
150462.23000000464,-23,144,-1,-1,stimulus_onset,https://dl.dropbox.com/s/d7p6opi7k60k8t3/lotto_balls.png?dl=0,https://dl.dropbox.com/s/ev8sazdi1s4dncu/cricket_balls.jpg?dl=0,gambling,gambling_matched,1536,864
150486.15000001155,70,4,-1,-1,stimulus_onset,https://dl.dropbox.com/s/d7p6opi7k60k8t3/lotto_balls.png?dl=0,https://dl.dropbox.com/s/ev8sazdi1s4dncu/cricket_balls.jpg?dl=0,gambling,gambling_matched,1536,864
150527.99999999115,14,-110,-1,-1,stimulus_onset,https://dl.dropbox.com/s/d7p6opi7k60k8t3/lotto_balls.png?dl=0,https://dl.dropbox.com/s/ev8sazdi1s4dncu/cricket_balls.jpg?dl=0,gambling,gambling_matched,1536,864
150552.0850000321,-361,-233,-1,-1,stimulus_onset,https://dl.dropbox.com/s/d7p6opi7k60k8t3/lotto_balls.png?dl=0,https://dl.dropbox.com/s/ev8sazdi1s4dncu/cricket_balls.jpg?dl=0,gambling,gambling_matched,1536,864
150575.42499998817,-289,178,-1,-1,stimulus_onset,https://dl.dropbox.com/s/d7p6opi7k60k8t3/lotto_balls.png?dl=0,https://dl.dropbox.com/s/ev8sazdi1s4dncu/cricket_balls.jpg?dl=0,gambling,gambling_matched,1536,864
150599.13500002585,5,33,-1,-1,stimulus_onset,https://dl.dropbox.com/s/d7p6opi7k60k8t3/lotto_balls.png?dl=0,https://dl.dropbox.com/s/ev8sazdi1s4dncu/cricket_balls.jpg?dl=0,gambling,gambling_matched,1536,864
150623.91500000376,186,158,-1,-1,stimulus_onset,https://dl.dropbox.com/s/d7p6opi7k60k8t3/lotto_balls.png?dl=0,https://dl.dropbox.com/s/ev8sazdi1s4dncu/cricket_balls.jpg?dl=0,gambling,gambling_matched,1536,864
150646.8950000126,186,158,-1,-1,stimulus_onset,https://dl.dropbox.com/s/d7p6opi7k60k8t3/lotto_balls.png?dl=0,https://dl.dropbox.com/s/ev8sazdi1s4dncu/cricket_balls.jpg?dl=0,gambling,gambling_matched,1536,864
150670.6600000034,229,37,-1,-1,stimulus_onset,https://dl.dropbox.com/s/d7p6opi7k60k8t3/lotto_balls.png?dl=0,https://dl.dropbox.com/s/ev8sazdi1s4dncu/cricket_balls.jpg?dl=0,gambling,gambling_matched,1536,864
150711.32500004023,7,-145,-1,-1,stimulus_onset,https://dl.dropbox.com/s/d7p6opi7k60k8t3/lotto_balls.png?dl=0,https://dl.dropbox.com/s/ev8sazdi1s4dncu/cricket_balls.jpg?dl=0,gambling,gambling_matched,1536,864
150736.8649999844,-7,35,-1,-1,stimulus_onset,https://dl.dropbox.com/s/d7p6opi7k60k8t3/lotto_balls.png?dl=0,https://dl.dropbox.com/s/ev8sazdi1s4dncu/cricket_balls.jpg?dl=0,gambling,gambling_matched,1536,864
150767.3300000024,-7,35,-1,-1,stimulus_onset,https://dl.dropbox.com/s/d7p6opi7k60k8t3/lotto_balls.png?dl=0,https://dl.dropbox.com/s/ev8sazdi1s4dncu/cricket_balls.jpg?dl=0,gambling,gambling_matched,1536,864
150791.44000000088,-132,-65,-1,-1,stimulus_onset,https://dl.dropbox.com/s/d7p6opi7k60k8t3/lotto_balls.png?dl=0,https://dl.dropbox.com/s/ev8sazdi1s4dncu/cricket_balls.jpg?dl=0,gambling,gambling_matched,1536,864
150814.2200000002,2,6,-1,-1,stimulus_onset,https://dl.dropbox.com/s/d7p6opi7k60k8t3/lotto_balls.png?dl=0,https://dl.dropbox.com/s/ev8sazdi1s4dncu/cricket_balls.jpg?dl=0,gambling,gambling_matched,1536,864
150836.7149999831,-46,-24,-1,-1,stimulus_onset,https://dl.dropbox.com/s/d7p6opi7k60k8t3/lotto_balls.png?dl=0,https://dl.dropbox.com/s/ev8sazdi1s4dncu/cricket_balls.jpg?dl=0,gambling,gambling_matched,1536,864
150861.90000001807,-46,-24,-1,-1,stimulus_onset,https://dl.dropbox.com/s/d7p6opi7k60k8t3/lotto_balls.png?dl=0,https://dl.dropbox.com/s/ev8sazdi1s4dncu/cricket_balls.jpg?dl=0,gambling,gambling_matched,1536,864
150885.7250000001,69,-53,-1,-1,stimulus_onset,https://dl.dropbox.com/s/d7p6opi7k60k8t3/lotto_balls.png?dl=0,https://dl.dropbox.com/s/ev8sazdi1s4dncu/cricket_balls.jpg?dl=0,gambling,gambling_matched,1536,864
150908.46000000602,-30,-66,-1,-1,stimulus_onset,https://dl.dropbox.com/s/d7p6opi7k60k8t3/lotto_balls.png?dl=0,https://dl.dropbox.com/s/ev8sazdi1s4dncu/cricket_balls.jpg?dl=0,gambling,gambling_matched,1536,864
150933.35499998648,142,-224,-1,-1,stimulus_onset,https://dl.dropbox.com/s/d7p6opi7k60k8t3/lotto_balls.png?dl=0,https://dl.dropbox.com/s/ev8sazdi1s4dncu/cricket_balls.jpg?dl=0,gambling,gambling_matched,1536,864
150956.47000003373,142,-224,-1,-1,stimulus_onset,https://dl.dropbox.com/s/d7p6opi7k60k8t3/lotto_balls.png?dl=0,https://dl.dropbox.com/s/ev8sazdi1s4dncu/cricket_balls.jpg?dl=0,gambling,gambling_matched,1536,864
150986.2050000229,-63,42,-1,-1,stimulus_onset,https://dl.dropbox.com/s/d7p6opi7k60k8t3/lotto_balls.png?dl=0,https://dl.dropbox.com/s/ev8sazdi1s4dncu/cricket_balls.jpg?dl=0,gambling,gambling_matched,1536,864